
SET SQL_MODE = "NO_AUTO_VALUE_ON_ZERO";
START TRANSACTION;
SET time_zone = "+00:00";


/*!40101 SET @OLD_CHARACTER_SET_CLIENT=@@CHARACTER_SET_CLIENT */;
/*!40101 SET @OLD_CHARACTER_SET_RESULTS=@@CHARACTER_SET_RESULTS */;
/*!40101 SET @OLD_COLLATION_CONNECTION=@@COLLATION_CONNECTION */;
/*!40101 SET NAMES utf8mb4 */;

--
-- Cơ sở dữ liệu: `db_epicgames`
--

-- --------------------------------------------------------

--
-- Cấu trúc bảng cho bảng `accounts`
--

CREATE TABLE `accounts` (  
  `email` varchar(100) NOT NULL,
  `password` varchar(30) NOT NULL,
  `firstname` text NOT NULL,
  `lastname` text NOT NULL,
  `displayname` varchar(60) NOT NULL,
  PRIMARY KEY (`email`)
) ENGINE=InnoDB DEFAULT CHARSET=utf8mb4;

INSERT INTO `accounts` (`email`, `password`, `firstname`, `lastname`, `displayname`) VALUES
('leafuit@gmail.com', '123456', 'Leaf', 'Koder', 'Leaf Koder'),
('belrose@gmail.com', '123456', 'Phuoc', 'Le Minh', 'Le Minh Phuoc');

CREATE TABLE `genre` (
  `genreid` int(11) NOT NULL AUTO_INCREMENT,
  `genrename` text NOT NULL,
  PRIMARY KEY (`genreid`)
) ENGINE=InnoDB DEFAULT CHARSET=utf8mb4;


INSERT INTO `genre` (`genreid`, `genrename`) VALUES
(1, 'Action'),
(2, 'Action-Adventure'),
(3, 'Adventure'),
(4, 'Application'),
(5, 'Card Game'),
(6, 'Casual'),
(7, 'City Builder'),
(8, 'Comedy'),
(9, 'Dungeon Crawler'),
(10, 'Exploration'),
(11, 'Fighting');

CREATE TABLE `game` (
  `gameid` bigint(20) NOT NULL AUTO_INCREMENT,
  `gamename` text NOT NULL,
  `sale` float NOT NULL,
  `price` float NOT NULL,
  `saleprice` float NOT NULL,
  `genreid` int(11) NOT NULL,
  `first-img` varchar(500) NOT NULL,
  `developer` text NOT NULL,
  `publisher` text NOT NULL,
  `summary` text NOT NULL,
  `tag` varchar(50) NOT NULL,
  `second-img` varchar(500) NOT NULL,
  `third-img` varchar(500) NOT NULL,
  `icon` varchar(500) NOT NULL,
  `logo` varchar(500) NOT NULL,
  PRIMARY KEY (`gameid`),
  FOREIGN KEY (`genreid`) REFERENCES `genre`(`genreid`)
) ENGINE=InnoDB DEFAULT CHARSET=utf8mb4;

CREATE TABLE `cart` (
  `cartid` bigint(20) NOT NULL AUTO_INCREMENT,
  `email` varchar(100) NOT NULL,
  `purchasedate` datetime,
  `status` bit, 
  PRIMARY KEY (`cartid`),
  FOREIGN KEY (`email`) REFERENCES `accounts`(`email`)
) ENGINE=InnoDB DEFAULT CHARSET=utf8mb4;


CREATE TABLE `cartitem` (
  `cartitemid` bigint(20) NOT NULL AUTO_INCREMENT,
  `cartid` bigint(20) NOT NULL,
  `quantity` int,
  `gameid` bigint(20) NOT NULL,
  PRIMARY KEY (`cartitemid`),
  FOREIGN KEY (`cartid`) REFERENCES `cart`(`cartid`),
  FOREIGN KEY (`gameid`) REFERENCES `game`(`gameid`)
) ENGINE=InnoDB DEFAULT CHARSET=utf8mb4;



CREATE TABLE `wishlist` (
  `wishid` bigint(20) AUTO_INCREMENT,
  `email` varchar(100) NOT NULL,
  `gameid` bigint(20) NOT NULL,
  PRIMARY KEY (`wishid`),
  FOREIGN KEY (`email`) REFERENCES `accounts`(`email`),
  FOREIGN KEY (`gameid`) REFERENCES `game`(`gameid`)
) ENGINE=InnoDB DEFAULT CHARSET=utf8mb4;


INSERT INTO `game` (`gameid`, `gamename`, `sale`, `price`, `saleprice`, `genreid`, `first-img`, `developer`, `publisher`, `summary`, `tag`, `second-img`, `third-img`, `icon`, `logo`) VALUES
(1, 'Zelter', 0, 186000, 0, 1, 'https://cdn1.epicgames.com/spt-assets/6dbfe35a26c1465cb72df1f5c0773d86/zelter-66y5m.png?h=270&resize=1&w=480', 'G1 Playground', 'SuperGG.com', 'All the horrors of zombie apocalypse in adorable pixelated form! Craft explore and rescue people in a city overrun by the zombie horde. Good luck survivors!', 'topsellers', 'https://cdn1.epicgames.com/spt-assets/6dbfe35a26c1465cb72df1f5c0773d86/zelter-1nhn9.jpg?h=270&resize=1&w=480', 'https://cdn1.epicgames.com/spt-assets/6dbfe35a26c1465cb72df1f5c0773d86/zelter-1raeb.jpg?h=270&resize=1&w=480', 'https://cdn1.epicgames.com/spt-assets/6dbfe35a26c1465cb72df1f5c0773d86/zelter-vmjwv.png?h=854&resize=1&w=640', 'https://cdn1.epicgames.com/spt-assets/6dbfe35a26c1465cb72df1f5c0773d86/zelter-logo-1q7n0.png?h=270&resize=1&w=480'),
(2, 'Retrowave Rider', 0.8, 37000, 47, 1, 'https://cdn1.epicgames.com/spt-assets/0e9d858ee8a1412fb5292afffe9d512d/retrowave-rider-offer-1ewvc.png?h=270&resize=1&w=480', 'Starchaser Game', 'Meridian4', 'Retrowave Rider is a 2D precision platformer where you control not only the character but also the level itself. Dive into synthwave worlds filled with retro-inspired visuals and smooth synth sounds and experience this journey with all of its trials and glories.', '', 'https://cdn1.epicgames.com/spt-assets/0e9d858ee8a1412fb5292afffe9d512d/retrowave-rider-1pnkk.png?h=270&resize=1&w=480', 'https://cdn1.epicgames.com/spt-assets/0e9d858ee8a1412fb5292afffe9d512d/retrowave-rider-nkdoy.png?h=270&resize=1&w=480', 'https://cdn1.epicgames.com/spt-assets/0e9d858ee8a1412fb5292afffe9d512d/download-retrowave-rider-offer-kle1v.png?h=854&resize=1&w=640', 'https://cdn1.epicgames.com/spt-assets/0e9d858ee8a1412fb5292afffe9d512d/retrowave-rider-logo-5zc48.png?h=270&resize=1&w=480'),
(3, 'Monster Outbreak', 0, 112000, 0, 2, 'https://cdn1.epicgames.com/spt-assets/56f490d3ae4546fdbc3046e6197ad451/monster-outbreak-offer-tz932.jpg?h=270&resize=1&w=480', 'GameMunchers', 'Freedom Games', 'The King dimensional orb has malfunctioned bringing hordes of monsters into the Kingdom. Defend your safeground against the monsters by gathering resources building defenses upgrading your arsenal and surviving long enough to find the source of monsters and destroy it.', '', 'https://cdn1.epicgames.com/spt-assets/56f490d3ae4546fdbc3046e6197ad451/monster-outbreak-qzrer.jpg?h=270&resize=1&w=480', 'https://cdn1.epicgames.com/spt-assets/56f490d3ae4546fdbc3046e6197ad451/monster-outbreak-17qrr.jpg?h=270&resize=1&w=480', 'https://cdn1.epicgames.com/spt-assets/56f490d3ae4546fdbc3046e6197ad451/download-monster-outbreak-offer-13uta.jpg?h=854&resize=1&w=640', 'https://cdn1.epicgames.com/spt-assets/56f490d3ae4546fdbc3046e6197ad451/monster-outbreak-logo-1hwrd.png?h=270&resize=1&w=480'),
(4, 'Airoheart', 0, 250000, 0, 2, 'https://cdn1.epicgames.com/spt-assets/27725b17f9304224ad53d200d8bfbe4a/airoheart-offer-2ctn7.jpg?h=270&resize=1&w=480', 'Pixel Heart Studios', 'SOEDESCO', 'Airoheart is a top-down action-adventure RPG inspired by the classics. Embark on an epic journey to save the world from evil and test the strength of your heart in this emotional tale of betrayal tragedy and redemption.', '', 'https://cdn1.epicgames.com/spt-assets/27725b17f9304224ad53d200d8bfbe4a/airoheart-1i40i.png?h=270&resize=1&w=480', 'https://cdn1.epicgames.com/spt-assets/27725b17f9304224ad53d200d8bfbe4a/airoheart-8r9be.png?h=270&resize=1&w=480', 'https://cdn1.epicgames.com/spt-assets/27725b17f9304224ad53d200d8bfbe4a/download-airoheart-offer-1bctp.jpg?h=854&resize=1&w=640', 'https://cdn1.epicgames.com/spt-assets/27725b17f9304224ad53d200d8bfbe4a/airoheart-logo-1bvm2.png?h=270&resize=1&w=480'),
(5, 'ANNO: Mutationem', 0, 203000, 0, 2, 'https://cdn1.epicgames.com/spt-assets/3376cfdaf878467faabc3928bee9738a/anno-mutationem-offer-83oyy.jpg?h=270&resize=1&w=480', 'ThinkingStars', 'Lightning Games', 'ANNO: Mutationem is an action-adventure game with RPG elements set in a cyberpunk world featuring a unique mix of pixelated 2D & 3D graphic style with a rich dark and bizarre plot.', '', 'https://cdn1.epicgames.com/spt-assets/3376cfdaf878467faabc3928bee9738a/anno-mutationem-62flf.jpg?h=270&resize=1&w=480', 'https://cdn1.epicgames.com/spt-assets/3376cfdaf878467faabc3928bee9738a/anno-mutationem-knhek.jpg?h=270&resize=1&w=480', 'https://cdn1.epicgames.com/spt-assets/3376cfdaf878467faabc3928bee9738a/download-anno-mutationem-offer-10dod.jpg?h=854&resize=1&w=640', 'https://cdn1.epicgames.com/spt-assets/3376cfdaf878467faabc3928bee9738a/anno-mutationem-logo-1sz71.png?h=270&resize=1&w=480'),
(6, 'Venice 2089', 0, 140000, 0, 3, 'https://cdn1.epicgames.com/spt-assets/efac99763f424706939478d9c2ef4037/venice-2089-offer-1td6j.jpg?h=270&resize=1&w=480', 'Safe Place Studio', 'Safe Place Studio', 'Explore a future Venice struggling with the effects of rising water slowly destroying the city as a bored teenager with your hoverboard and your trusty drone.', 'topsellers', 'https://cdn1.epicgames.com/spt-assets/efac99763f424706939478d9c2ef4037/venice-2089-r3mbe.jpg?h=270&resize=1&w=480', 'https://cdn1.epicgames.com/spt-assets/efac99763f424706939478d9c2ef4037/venice-2089-p0v3s.jpg?h=270&resize=1&w=480', 'https://cdn1.epicgames.com/spt-assets/efac99763f424706939478d9c2ef4037/download-venice-2089-offer-116h7.jpg?h=854&resize=1&w=640', 'https://cdn1.epicgames.com/spt-assets/efac99763f424706939478d9c2ef4037/venice-2089-logo-1l0wb.png?h=270&resize=1&w=480'),
(7, 'Atari Mania', 0, 133000, 0, 3, 'https://cdn1.epicgames.com/spt-assets/5746db3ba7f6444297c956754e1838af/atari-mania-offer-1v8ay.png?h=270&resize=1&w=480', 'iLLOGIKA Studios', 'Atari Inc', 'A wild journey through videogame history, Atari Mania is a microgame collection wrapped in a hilarious retro-driven narrative of exploration and surprise.', '', '', '', 'https://cdn1.epicgames.com/spt-assets/5746db3ba7f6444297c956754e1838af/download-atari-mania-offer-1cbij.png?h=854&resize=1&w=640', 'https://cdn1.epicgames.com/spt-assets/5746db3ba7f6444297c956754e1838af/atari-mania-logo-mhhux.png?h=270&resize=1&w=480'),
(8, 'Asterigos: Curse of the Stars', 0, 390000, 0, 3, 'https://cdn1.epicgames.com/spt-assets/7c264e76228641f2b62fa8adf85841d6/asterigos-offer-2oygw.jpg?h=270&resize=1&w=480', 'Acme Gamestudio', 'tinyBuild', 'Embark on a journey full of danger in this action RPG, inspired by Greek and Roman mythologies. Explore the breathtaking city of Aphes and forge your way through legions of unique foes and mythical bosses to discover the truth behind the citys curse.', '', 'https://cdn1.epicgames.com/spt-assets/7c264e76228641f2b62fa8adf85841d6/asterigos-c4v74.jpg?h=270&resize=1&w=480', 'https://cdn1.epicgames.com/spt-assets/7c264e76228641f2b62fa8adf85841d6/asterigos-16c9t.jpg?h=270&resize=1&w=480', 'https://cdn1.epicgames.com/spt-assets/7c264e76228641f2b62fa8adf85841d6/download-asterigos-offer-1s3ig.jpg?h=854&resize=1&w=640', 'https://cdn1.epicgames.com/spt-assets/7c264e76228641f2b62fa8adf85841d6/asterigos-logo-177y4.png?h=270&resize=1&w=480'),
(9, 'The Complex', 0.9, 108900, 121, 3, 'https://cdn1.epicgames.com/spt-assets/6433c3748ba34968acb2db60a12c30a8/the-complex-offer-r39da.png?h=270&resize=1&w=480', 'Wales Interactive, Good Gate Media', 'Wales Interactive', 'After a major bio-weapon attack on London two scientists find themselves in a locked-down laboratory with time and air running out. The Complex is an interactive sci-fi thriller movie where your decisions lead to one of eight suspenseful endings.', '', 'https://cdn1.epicgames.com/spt-assets/6433c3748ba34968acb2db60a12c30a8/the-complex-yrtg6.jpg?h=270&resize=1&w=480', 'https://cdn1.epicgames.com/spt-assets/6433c3748ba34968acb2db60a12c30a8/the-complex-16fgo.jpg?h=270&resize=1&w=480', 'https://cdn1.epicgames.com/spt-assets/6433c3748ba34968acb2db60a12c30a8/download-the-complex-offer-1o4vh.png?h=854&resize=1&w=640', 'https://cdn1.epicgames.com/spt-assets/6433c3748ba34968acb2db60a12c30a8/the-complex-logo-93fqb.png?h=270&resize=1&w=480'),
(10, 'Call of Cthulhu', 0, 260000, 0, 3, 'https://cdn1.epicgames.com/spt-assets/5e757cef8527449aa2a5f510a5f4abe3/call-of-cthulhu-offer-vfyh6.jpg?h=270&resize=1&w=480', 'Cyanide Studio', 'Focus Entertainment', '1924. Private Investigator Pierce is sent to look into the tragic death of the Hawkins. Plunge into a world of creeping madness and cosmic horror. Cryptic clues shadowy figures and pure terror bar your way as you fight to retain your sanity and solve an otherworldly mystery.', '', 'https://cdn1.epicgames.com/spt-assets/5e757cef8527449aa2a5f510a5f4abe3/call-of-cthulhu-1oica.jpg?h=270&resize=1&w=480', 'https://cdn1.epicgames.com/spt-assets/5e757cef8527449aa2a5f510a5f4abe3/call-of-cthulhu-oe1kz.jpg?h=270&resize=1&w=480', 'https://cdn1.epicgames.com/spt-assets/5e757cef8527449aa2a5f510a5f4abe3/download-call-of-cthulhu-offer-hf3bl.jpg?h=854&resize=1&w=640', 'https://cdn1.epicgames.com/spt-assets/5e757cef8527449aa2a5f510a5f4abe3/call-of-cthulhu-logo-1nv5w.png?h=270&resize=1&w=480'),
(11, 'Little Orpheus', 0, 150000, 0, 3, 'https://cdn1.epicgames.com/spt-assets/102f5cf5b1e74200a752a851d34a9988/little-orpheus-offer-t03h2.jpg?h=270&resize=1&w=480', 'The Chinese Room', 'Secret Mode', 'This definitive edition of the multiple-award-winning Apple Arcade hit by master storytellers The Chinese Room is remastered for the big screen and includes all bonus content of the original. A HERO WILL EMERGE!', '', 'https://cdn1.epicgames.com/spt-assets/102f5cf5b1e74200a752a851d34a9988/little-orpheus-nq5az.jpg?h=270&resize=1&w=480', 'https://cdn1.epicgames.com/spt-assets/102f5cf5b1e74200a752a851d34a9988/little-orpheus-47vcl.jpg?h=270&resize=1&w=480', 'https://cdn1.epicgames.com/spt-assets/102f5cf5b1e74200a752a851d34a9988/download-little-orpheus-offer-8x7ic.jpg?h=854&resize=1&w=640', 'https://cdn1.epicgames.com/spt-assets/102f5cf5b1e74200a752a851d34a9988/little-orpheus-logo-1328o.png?h=270&resize=1&w=480'),
(12, 'Destiny 2', 0, 0, 0, 3, 'https://cdn1.epicgames.com/offer/428115def4ca4deea9d69c99c5a5a99e/FR_Bungie_Destiny2_S1_2560x1440_2560x1440-eb02e9edc6111b582ebbacbaae6482ed?h=270&resize=1&w=480', 'Bungie', 'Bungie', 'Destiny 2 is an action MMO with a single evolving world that you and your friends can join anytime anywhere absolutely free.', 'mostplayed', 'https://cdn2.unrealengine.com/screenshot-01-1920x1080-883ead3f2627.jpg?h=270&resize=1&w=480', 'https://cdn2.unrealengine.com/screenshot-02-1920x1080-51c75098fdac.jpg?h=270&resize=1&w=480', 'https://cdn1.epicgames.com/offer/428115def4ca4deea9d69c99c5a5a99e/FR_Bungie_Destiny2_S2_1200x1600_1200x1600-c04030c570b63cdced320be0f88a9f89?h=854&resize=1&w=640', 'https://cdn2.unrealengine.com/en-bungie-destiny2-ic1-400x400-400x400-428671b4082f.png?h=270&resize=1&w=480'),
(13, 'A Plague Tale: Requiem', 0, 650000, 0, 1, 'https://cdn1.epicgames.com/salesEvent/salesEvent/PlagueTale2_2560x1440-f5840bd8286204cb20ae573e160c29f3?h=270&resize=1&w=480', 'AsoboStudio', 'Focus Entertaiment', 'Embark on a heartrending journey into a brutal breathtaking world and discover the cost of saving those you love in a desperate struggle for survival. Strike from the shadows or unleash hell with a variety of weapons tools and unearthly powers.', 'mostplayed', 'https://cdn2.unrealengine.com/egs-aplaguetalerequiem-asobostudio-g1a-03-1920x1080-06c77544126d.jpg?h=270&resize=1&w=480', 'https://cdn2.unrealengine.com/egs-aplaguetalerequiem-asobostudio-g1a-04-1920x1080-f4691837cbf6.jpg?h=270&resize=1&w=480', 'https://cdn1.epicgames.com/salesEvent/salesEvent/PlagueTale1_1200x1600-98f9fd41d86634c1f82e4b5cbfc4e83f?h=854&resize=1&w=640', 'https://cdn2.unrealengine.com/egs-aplaguetalerequiem-asobostudio-ic1-400x100-8ea1a31c239d.png?h=270&resize=1&w=480'),
(14, 'Marvels Spider-Man Remastered', 0, 1139000, 0, 3, 'https://cdn1.epicgames.com/offer/4bc43145bb8245a5b5cc9ea262ffbe0e/EGS_MarvelsSpiderManRemastered_InsomniacGamesNixxesSoftware_S1_2560x1440-73702d11161b29a0b7c40a8b489b1808?h=270&resize=1&w=480', 'Insomniac Games, Nixxes Software', 'PlayStation PC LLC', 'In Marvel’s Spider-Man Remastered, the worlds of Peter Parker and Spider-Man collide in an original, action-packed story. Play as an experienced Peter Parker, fighting big crime and iconic villains in Marvel’s New York. Web-swing through vibrant neighborhoods and defeat villains with epic takedowns.', 'topsellers', 'https://cdn2.unrealengine.com/egs-marvelsspidermanremastered-insomniacgamesnixxessoftware-g1a-00-1920x1080-25b4862bff3b.jpg?h=270&resize=1&w=480', 'https://cdn2.unrealengine.com/egs-marvelsspidermanremastered-insomniacgamesnixxessoftware-g1a-01-1920x1080-89160030c92b.jpg?h=270&resize=1&w=480', 'https://cdn1.epicgames.com/offer/4bc43145bb8245a5b5cc9ea262ffbe0e/EGS_MarvelsSpiderManRemastered_InsomniacGamesNixxesSoftware_S2_1200x1600-76424286902489f4d9639ac9b735c2b2?h=854&resize=1&w=640', 'https://cdn2.unrealengine.com/egs-marvelsspidermanremastered-insomniacgamesnixxessoftware-ic1-400x400-783ee335e810.png?h=270&resize=1&w=480'),
(15, 'I Was a Teenage Exocolonist', 0, 233000, 0, 5, 'https://cdn1.epicgames.com/spt-assets/934f61bfd13547abb2cdc80b727888c7/i-was-a-teenage-exocolonist-offer-1jq7y.jpg?h=270&resize=1&w=480', 'Northway Games', 'Finji', 'Spend your teenage years on an alien planet in this narrative RPG with card-based battles. Explore grow up and fall in love. The choices you make and skills you master over ten years will determine the course of your life and the survival of your colony.', '', '', '', 'https://cdn1.epicgames.com/spt-assets/934f61bfd13547abb2cdc80b727888c7/download-i-was-a-teenage-exocolonist-offer-1fvqb.jpg?h=854&resize=1&w=640', 'https://cdn1.epicgames.com/spt-assets/934f61bfd13547abb2cdc80b727888c7/i-was-a-teenage-exocolonist-logo-yy0px.PNG?h=270&resize=1&w=480'),
(16, 'KARDS - The WWII Card Game', 0, 0, 0, 5, 'https://cdn1.epicgames.com/offer/d34cf6aeceb94c579af0236fe1185b79/EGS_KARDSTheWWIICardGame_1939Games_S1_2560x1440-d1ab5576cc7af354ff628d13ef645fa9?h=270&resize=1&w=480', '1939 Games', '1939 Games', 'KARDS, The World War II Card Game, combines traditional CCG gameplay with innovative mechanics inspired by classic strategy games and real battlefield tactics. Take command and challenge other players in grand-scale warfare on the ground, air, or seas.', 'upcoming', 'https://cdn2.unrealengine.com/egs-kardsthewwiicardgame-1939games-g1a-03-1920x1080-478edda29825.jpg?h=270&resize=1&w=480', 'https://cdn2.unrealengine.com/egs-kardsthewwiicardgame-1939games-g1a-04-1920x1080-8c82668122c6.jpg?h=270&resize=1&w=480', 'https://cdn1.epicgames.com/offer/d34cf6aeceb94c579af0236fe1185b79/EGS_KARDSTheWWIICardGame_1939Games_S2_1200x1600-5f69dc5efe9cac032cd113559a4765e1?h=854&resize=1&w=640', 'https://cdn2.unrealengine.com/egs-kardsthewwiicardgame-1939games-ic1-400x400-e52a9fcdf77b.png?h=270&resize=1&w=480'),
(17, 'Nowhere Prophet', 0, 233000, 0, 5, 'https://cdn1.epicgames.com/spt-assets/2deb44109e22450f93bd3bc28d2609f2/nowhere-prophet-offer-xvj70.png?h=270&resize=1&w=480', 'Sharkbomb Studios', 'No More Robots', 'Prepare your decks and go on a pilgrimage through the wasteland! Nowhere Prophet is a unique single-player card game. Travel across randomly generated maps and lead your followers in deep tactical combat. Discover new cards and build your deck as you explore this strange world', '', 'https://cdn1.epicgames.com/spt-assets/2deb44109e22450f93bd3bc28d2609f2/nowhere-prophet-h7dax.jpg?h=270&resize=1&w=480', 'https://cdn1.epicgames.com/spt-assets/2deb44109e22450f93bd3bc28d2609f2/nowhere-prophet-n6ufn.jpg?h=270&resize=1&w=480', 'https://cdn1.epicgames.com/spt-assets/2deb44109e22450f93bd3bc28d2609f2/download-nowhere-prophet-offer-dwhj1.png?h=854&resize=1&w=640', 'https://cdn1.epicgames.com/spt-assets/2deb44109e22450f93bd3bc28d2609f2/nowhere-prophet-logo-ibsu8.png?h=270&resize=1&w=480'),
(18, 'Guild of Dungeoneering Ultimate Edition', 0, 186000, 0, 5, 'https://cdn1.epicgames.com/offer/e04dd85a41d740ac972df346afd913a6/EGS_GuildofDungeoneeringUltimateEdition_Gambrinous_S1_2560x1440-afbffdda3163fe63fca72ac300dd3312?h=270&resize=1&w=480', 'Gambrinous', 'Gambrinous', 'Now fully rebuilt and remastered Guild of Dungeoneering Ultimate Edition is a turn-based dungeon crawler with a twist: instead of controlling the hero you build the dungeon around them.', '', 'https://cdn2.unrealengine.com/egs-guildofdungeoneeringultimateedition-gambrinous-g1a-03-1920x1080-d5f5985cd5a1.jpg?h=270&resize=1&w=480', 'https://cdn2.unrealengine.com/egs-guildofdungeoneeringultimateedition-gambrinous-g1a-04-1920x1080-ceada447e9f6.jpg?h=270&resize=1&w=480', 'https://cdn1.epicgames.com/offer/e04dd85a41d740ac972df346afd913a6/EGS_GuildofDungeoneeringUltimateEdition_Gambrinous_S2_1200x1600-110f97ec0243d8ad4cf5190eebd11eb1?h=854&resize=1&w=640', 'https://cdn2.unrealengine.com/egs-guildofdungeoneeringultimateedition-gambrinous-ic1-200x200-771edac3dfc0.png?h=270&resize=1&w=480'),
(19, 'Roguebook', 0, 520000, 0, 5, 'https://cdn1.epicgames.com/salesEvent/salesEvent/EGS_Roguebook_Abrakam_S1_2560x1440-5b01163b59ee533a076c26a22910daf8?h=270&resize=1&w=480', 'Abrakam Entertainment SA', 'Nacon', 'Embrace the challenge of a roguelike deckbuilder with unique mechanics from the developers of Faeria and Richard Garfield creator of Magic: The Gathering™. Build a team of two heroes unleash powerful combos and defeat the legends of the Roguebook!', '', 'https://cdn2.unrealengine.com/egs-roguebook-abrakam-g1a-02-1920x1080-d4595a8437a0.jpg?h=270&resize=1&w=480', 'https://cdn2.unrealengine.com/egs-roguebook-abrakam-g1a-03-1920x1080-af8f309835cf.jpg?h=270&resize=1&w=480', 'https://cdn1.epicgames.com/salesEvent/salesEvent/EGS_Roguebook_Abrakam_S2_1200x1600-bba267d06c7f134050211ee586516528?h=854&resize=1&w=640', 'https://cdn2.unrealengine.com/egs-roguebook-abrakam-ic1-400x122-ac0c47d19438.png?h=270&resize=1&w=480'),
(20, 'Void Tyrant', 0, 180000, 0, 5, 'https://cdn1.epicgames.com/salesEvent/salesEvent/voidtyrant_2560x1440-96e7ff66d4273b235b65a30204295c25?h=270&resize=1&w=480', 'Quite Fresh Games', 'Armor Games Studios', 'Collect an intergalactic bounty of eccentric allies and deadly weapons explore vibrant planets and engage in risky turn-based battles to restore the Eyes of Chronos and save the galaxy in this strategic roguelike deckbuilder!', '', 'https://cdn2.unrealengine.com/egs-voidtyrant-quitefreshgames-g1a-01-1920x1080-fb75f10948af.jpg?h=270&resize=1&w=480', 'https://cdn2.unrealengine.com/egs-voidtyrant-quitefreshgames-g1a-02-1920x1080-dcdbba73645f.jpg?h=270&resize=1&w=480', 'https://cdn1.epicgames.com/salesEvent/salesEvent/ea875101-4779-4383-87d9-d7a293588fab_1200x1600-c739120975a0a1414c6dbbcb613fdb36?h=854&resize=1&w=640', 'https://cdn2.unrealengine.com/egs-voidtyrant-quitefreshgames-ic1-400x120-6950585c4dc9.png?h=270&resize=1&w=480'),
(21, 'Call of the Wild:The Angler', 0, 280000, 0, 6, 'https://cdn1.epicgames.com/offer/75d74aeb36024d95b8a30bad40dc19c3/EGS_CalloftheWildTheAngler_ExpansiveWorlds_S1_2560x1440-1cbd50dac3db204690de80ff6d154fc7?h=270&resize=1&w=480', 'Expansive Worlds', 'Expansive Worlds', 'From the creators of theHunter: Call of the Wild comes a genre-defying fishing experience! Explore a vast open world in search of the perfect fishing spot. Ride the waters on your own or with friends as you embark on the journey to become a master angler.', '', 'https://cdn2.unrealengine.com/egs-callofthewildtheangler-expansiveworlds-g1a-01-1920x1080-d52e4ab183aa.jpg?h=270&resize=1&w=480', 'https://cdn2.unrealengine.com/egs-callofthewildtheangler-expansiveworlds-g1a-02-1920x1080-9fae8cc5832a.jpg?h=270&resize=1&w=480', 'https://cdn1.epicgames.com/offer/75d74aeb36024d95b8a30bad40dc19c3/EGS_CalloftheWildTheAngler_ExpansiveWorlds_S2_1200x1600-0d7a89b485ad0eb1299a7e4fcc008051?h=854&resize=1&w=640', 'https://cdn2.unrealengine.com/egs-callofthewildtheangler-expansiveworlds-ic1-400x400-bd6b74e59624.png?h=270&resize=1&w=480'),
(22, 'Bear and Breakfast', 0, 180000, 0, 6, 'https://cdn1.epicgames.com/spt-assets/9f8b082e3cf84425be6aa563f0ddc2a0/bear-and-breakfast-offer-1ck44.jpg?h=270&resize=1&w=480', 'Gummy Cat', 'Armor Games Studios', 'Bear and Breakfast is a laid-back management adventure game where you build and run a bed and breakfast...but you’re a bear.', '', 'https://cdn1.epicgames.com/spt-assets/9f8b082e3cf84425be6aa563f0ddc2a0/bear-and-breakfast-rheoa.jpg?h=270&resize=1&w=480', 'https://cdn1.epicgames.com/spt-assets/9f8b082e3cf84425be6aa563f0ddc2a0/bear-and-breakfast-58fpa.jpg?h=270&resize=1&w=480', 'https://cdn1.epicgames.com/spt-assets/9f8b082e3cf84425be6aa563f0ddc2a0/download-bear-and-breakfast-offer-88dlv.jpg?h=854&resize=1&w=640', 'https://cdn1.epicgames.com/spt-assets/9f8b082e3cf84425be6aa563f0ddc2a0/bear-and-breakfast-logo-1yhmz.png?h=270&resize=1&w=480'),
(23, 'Are You Smarter Than A 5th Grader?', 0, 330000, 0, 6, 'https://cdn1.epicgames.com/spt-assets/d85122f25bd4406fb6b9bcf7aaa5da2a/are-you-smarter-than-a-5th-grader-offer-y48hu.png?h=270&resize=1&w=480', 'Massive Miniteam', 'HandyGames', 'Based on the popular TV franchise this charming couch co-op quiz game for 1-8 players will have you face more than 6800 fully English-voiced questions. Prove how much you still know from school and that you are in fact smarter than a 5th grader.', '', 'https://cdn1.epicgames.com/spt-assets/d85122f25bd4406fb6b9bcf7aaa5da2a/are-you-smarter-than-a-5th-grader-171qd.jpg?h=270&resize=1&w=480', 'https://cdn1.epicgames.com/spt-assets/d85122f25bd4406fb6b9bcf7aaa5da2a/are-you-smarter-than-a-5th-grader-rehse.jpg?h=270&resize=1&w=480', 'https://cdn1.epicgames.com/spt-assets/d85122f25bd4406fb6b9bcf7aaa5da2a/download-are-you-smarter-than-a-5th-grader-offer-1qymv.png?h=854&resize=1&w=640', 'https://cdn1.epicgames.com/spt-assets/d85122f25bd4406fb6b9bcf7aaa5da2a/are-you-smarter-than-a-5th-grader-logo-8rxm4.png?h=270&resize=1&w=480'),
(24, 'Terror of Hemasaurus', 0, 96800, 0, 1, 'https://cdn1.epicgames.com/spt-assets/2b1f8bb2c5f941898b2a6455c77ea176/terror-of-hemasaurus-offer-168b3.jpg?h=270&resize=1&w=480', 'LorenLemcke', 'Digerati', 'A retro city smash em up with satisfying destruction physics. Play as a Giant Monster unleashing terror upon mankind in this modern arcade experience with the action turned up to eleven.', '', '', '', 'https://cdn1.epicgames.com/spt-assets/2b1f8bb2c5f941898b2a6455c77ea176/download-terror-of-hemasaurus-offer-13uc5.jpg?h=854&resize=1&w=640', 'https://cdn1.epicgames.com/spt-assets/2b1f8bb2c5f941898b2a6455c77ea176/terror-of-hemasaurus-logo-ymqdf.png?h=270&resize=1&w=480'),
(25, 'GigaBash', 0, 326000, 0, 6, 'https://cdn1.epicgames.com/offer/16fc138ed83846bc90d923fe0d87ad72/EGS_GigaBash_PassionRepublicGames_S1_2560x1440-f0d657610403750a33b2ed4a372d21ec?h=270&resize=1&w=480', 'PassionRepublic Games', 'PassionRepublic Games', 'Claim your place as king among Titans! GigaBash is a multiplayer arena brawler with gigantic film-inspired kaiju larger than life heroes, earth-shattering special attacks and fully destructible environments', '', 'https://cdn2.unrealengine.com/egs-gigabash-passionrepublicgames-g1a-05-1920x1080-aa0f18998ea0.jpg?h=270&resize=1&w=480', 'https://cdn2.unrealengine.com/egs-gigabash-passionrepublicgames-g1a-06-1920x1080-025e1f7adb94.jpg?h=270&resize=1&w=480', 'https://cdn1.epicgames.com/offer/16fc138ed83846bc90d923fe0d87ad72/EGS_GigaBash_PassionRepublicGames_S2_1200x1600-76be44277917f4d28d1bad123938d27d?h=854&resize=1&w=640', 'https://cdn2.unrealengine.com/egs-gigabash-passionrepublicgames-ic1-400x200-b5d3d549df5d.png?h=270&resize=1&w=480'),
(26, 'Dark Matter', 0, 19000, 0, 6, 'https://cdn1.epicgames.com/spt-assets/311dc87f69a4481a97165446e0aa97b6/dark-matter-offer-1kzxo.png?h=270&resize=1&w=480', 'Meridian4', 'Meridian4', 'Dark Matter is a retro 2D shoot ‘em up inspired by the 1980’s arcade classic Asteroids. The action will get frantic as you battle waves of enemy alien ships and deadly asteroids. When ready take the space carnage to Challenge Mode and rack up your score!', 'mostplayed', 'https://cdn1.epicgames.com/spt-assets/311dc87f69a4481a97165446e0aa97b6/dark-matter-incrk.png?h=270&resize=1&w=480', 'https://cdn1.epicgames.com/spt-assets/311dc87f69a4481a97165446e0aa97b6/dark-matter-1d3r7.png?h=270&resize=1&w=480', 'https://cdn1.epicgames.com/spt-assets/311dc87f69a4481a97165446e0aa97b6/download-dark-matter-offer-13oyq.png?h=854&resize=1&w=640', 'https://cdn1.epicgames.com/spt-assets/311dc87f69a4481a97165446e0aa97b6/dark-matter-logo-ll1q1.png?h=270&resize=1&w=480'),
(27, 'Travellers Rest', 0, 140000, 0, 6, 'https://cdn1.epicgames.com/spt-assets/e3184f114896428397f9e616ca463a9c/travellers-rest-offer-1cztm.png?h=270&resize=1&w=480', 'Isolated Games', 'Isolated Games', 'You are an innkeeper on a journey to transform a run-down inn into a bustling social space. Brew your own beer run a farm explore the world and build relationships with your customers to create your own fantasy tavern!', '', 'https://cdn1.epicgames.com/spt-assets/e3184f114896428397f9e616ca463a9c/travellers-rest-e8rcs.png?h=270&resize=1&w=480', 'https://cdn1.epicgames.com/spt-assets/e3184f114896428397f9e616ca463a9c/travellers-rest-1xe84.png?h=270&resize=1&w=480', 'https://cdn1.epicgames.com/spt-assets/e3184f114896428397f9e616ca463a9c/download-travellers-rest-offer-1c3xj.png?h=854&resize=1&w=640', 'https://cdn1.epicgames.com/spt-assets/e3184f114896428397f9e616ca463a9c/travellers-rest-logo-1unh1.png?h=270&resize=1&w=480'),
(28, 'A Hero Rest', 0, 230000, 0, 7, 'https://cdn1.epicgames.com/spt-assets/e085895b3fbb46f280d6fbd5af6778d5/a-heros-rest-offer-1hdxf.png?h=270&resize=1&w=480', 'Vanargand Games', 'Vanargand Games', 'Build shops craft items with hundreds of customization options and manage your resources wisely to lead your Heroes to success. Immerse yourself as proprietor of a medieval fantasy town in a world abounding with Heroes and Monsters.', '', 'https://cdn1.epicgames.com/spt-assets/e085895b3fbb46f280d6fbd5af6778d5/a-heros-rest-x0kcw.png?h=270&resize=1&w=480', 'https://cdn1.epicgames.com/spt-assets/e085895b3fbb46f280d6fbd5af6778d5/a-heros-rest-1g6dm.png?h=270&resize=1&w=480', 'https://cdn1.epicgames.com/spt-assets/e085895b3fbb46f280d6fbd5af6778d5/download-a-heros-rest-offer-1o7mp.png?h=854&resize=1&w=640', 'https://cdn1.epicgames.com/spt-assets/e085895b3fbb46f280d6fbd5af6778d5/a-heros-rest-logo-1ccat.png?h=270&resize=1&w=480'),
(29, 'RAILGRADE', 0, 464000, 0, 7, 'https://cdn1.epicgames.com/salesEvent/salesEvent/EGS_RAILGRADE_MinakataDynamics_S1_2560x1440-e9806701e330e7c069783d854f7a1fc3?h=270&resize=1&w=480', 'Minakata Dynamics', 'Epic Games Publishing', 'RAILGRADE is a management sim about using railways to transport resources and power industry on an off-world colony. As administrator of the planet, help restore industrial production following a disastrous collapse of infrastructure.', '', 'https://cdn2.unrealengine.com/egs-railgrade-minakatadynamics-g1a-02-1920x1080-f42544427bd4.jpg?h=270&resize=1&w=480', 'https://cdn2.unrealengine.com/egs-railgrade-minakatadynamics-g1a-04-1920x1080-eff0cf2ea0fb.jpg?h=270&resize=1&w=480', 'https://cdn1.epicgames.com/salesEvent/salesEvent/EGS_RAILGRADE_MinakataDynamics_S2_1200x1600-f40aa411ee439ddd990de6b9e12e4ba6?h=854&resize=1&w=640', 'https://cdn2.unrealengine.com/egs-railgrade-minakatadynamics-ic1-400x400-697990b8cfe3.png?h=270&resize=1&w=480'),
(30, 'Banished', 0, 186000, 0, 7, 'https://cdn1.epicgames.com/spt-assets/cbeeb31970d140dc9b4c70ed8a277234/banished-offer-na19j.jpg?h=270&resize=1&w=480', 'Shining Rock Software', 'Shining Rock Software', 'In this city-building strategy game, you control a group of exiled travelers who restart their lives in the wilderness. Guide them on their journey from humble beginnings to living in a thriving village.', '', '', '', 'https://cdn1.epicgames.com/spt-assets/cbeeb31970d140dc9b4c70ed8a277234/download-banished-offer-1ov60.jpg?h=854&resize=1&w=640', 'https://cdn1.epicgames.com/spt-assets/cbeeb31970d140dc9b4c70ed8a277234/banished-logo-1dmii.png?h=270&resize=1&w=480'),
(31, 'Prehistoric Kingdom', 0, 280000, 0, 7, 'https://cdn1.epicgames.com/a334241ad093462d94f2ff8c84dc392a/offer/EGS_PrehistoricKingdom_BlueMeridian_S1-2560x1440-e268deffe8dbd4450dbd90ba1a903bf9.jpg?h=270&resize=1&w=480', 'Blue Meridian', 'Crytivo Inc.', 'Prehistoric Kingdom provides a modern take on the tycoon simulator genre, focused on the creation and management of your very own prehistoric-themed zoo. Take control of limitless power to build, manage and grow the ultimate zoo for extinct animals.', '', 'https://cdn2.unrealengine.com/egs-prehistorickingdom-bluemeridian-g1a-01-1920x1080-e5b0c4faca9c.jpg?h=270&resize=1&w=480', 'https://cdn2.unrealengine.com/egs-prehistorickingdom-bluemeridian-g1a-02-1920x1080-e2bd2a50db41.jpg?h=270&resize=1&w=480', 'https://cdn1.epicgames.com/a334241ad093462d94f2ff8c84dc392a/offer/EGS_PrehistoricKingdom_BlueMeridian_S2-1200x1600-7a6252d5dc334d7cb4d6a38cab5d72df.jpg?h=854&resize=1&w=640', 'https://cdn2.unrealengine.com/egs-prehistorickingdom-bluemeridian-ic1-400x400-7ced11031246.png?h=270&resize=1&w=480'),
(32, 'Power to the People', 0, 140000, 0, 7, 'https://cdn1.epicgames.com/spt-assets/b733ca5a9aae4380894c8f939e0afa07/power-to-the-people-offer-iv5jo.jpg?h=270&resize=1&w=480', 'Hermes Interactive', 'Crytivo Inc.', 'Build and maintain a power grid for a constantly growing population, while fighting off all kinds of disasters in this thrilling resource management experience. Its time for you to give \"Power to the People\"! Do you have what it takes to keep the lights on?', '', '', '', 'https://cdn1.epicgames.com/spt-assets/b733ca5a9aae4380894c8f939e0afa07/download-power-to-the-people-offer-1u26f.jpg?h=854&resize=1&w=640', 'https://cdn1.epicgames.com/spt-assets/b733ca5a9aae4380894c8f939e0afa07/power-to-the-people-logo-1mah9.png?h=270&resize=1&w=480'),
(33, 'Patron', 0, 186000, 0, 7, 'https://cdn1.epicgames.com/spt-assets/b4378b72b9214bd6900cdf0c8ae23d0f/patron-offer-1fom9.jpg?h=270&resize=1&w=480', 'Overseer Games', 'Overseer Games', 'Patron is a survival city builder with a unique social dynamics system. Gather and produce resources, build your fledgling village into a prosperous city and navigate the intricate social tensions before they reach boiling point.', '', '', '', 'https://cdn1.epicgames.com/spt-assets/b4378b72b9214bd6900cdf0c8ae23d0f/download-patron-offer-dfw10.jpg?h=854&resize=1&w=640', 'https://cdn1.epicgames.com/spt-assets/b4378b72b9214bd6900cdf0c8ae23d0f/patron-logo-lo8bf.png?h=270&resize=1&w=480'),
(34, 'Parkitect', 0, 250000, 0, 7, 'https://cdn1.epicgames.com/offer/7d0c3bf3b31e4ff5b27eab81fb255ca0/EGS_Parkitect_TexelRaptor_S1_2560x1440-1797ccd931ea5ba766930d5b5364b63e?h=270&resize=1&w=480', 'Texel Raptor', 'Texel Raptor', 'Parkitect is a business simulation game that charges you with the construction and management of theme parks! Bringing back the best of classic theme park games with many new features and content on top. Now supports online co-op with up to 8 players!', '', 'https://cdn2.unrealengine.com/egs-parkitect-texelraptor-g1a-01-1920x1080-044faa9993b1.jpg?h=270&resize=1&w=480', 'https://cdn2.unrealengine.com/egs-parkitect-texelraptor-g1a-02-1920x1080-7e5002c14a56.jpg?h=270&resize=1&w=480', 'https://cdn1.epicgames.com/offer/7d0c3bf3b31e4ff5b27eab81fb255ca0/EGS_Parkitect_TexelRaptor_S2_1200x1600-9d2acb0114d3415312a338959b182308?h=854&resize=1&w=640', 'https://cdn2.unrealengine.com/egs-parkitect-texelraptor-ic1-400x400-6d5407764b53.png?h=270&resize=1&w=480'),
(35, 'The Darkest Tales', 0, 186000, 0, 1, 'https://cdn1.epicgames.com/spt-assets/8951f2b422ba48d6a4d56c69214de873/the-darkest-tales-18aqm.jpg?h=270&resize=1&w=480', 'Trinity Team', '101XP', 'When a nightmare creeps into reality the only ones that can help are those whose magical powers we believed in since childhood. A brave teddy bear heads to the far side of happily ever after to rescue his owner Alicia.', '', 'https://cdn1.epicgames.com/spt-assets/8951f2b422ba48d6a4d56c69214de873/the-darkest-tales-nvsx4.jpg?h=270&resize=1&w=480', 'https://cdn1.epicgames.com/spt-assets/8951f2b422ba48d6a4d56c69214de873/the-darkest-tales-j68j9.jpg?h=270&resize=1&w=480', 'https://cdn1.epicgames.com/spt-assets/8951f2b422ba48d6a4d56c69214de873/the-darkest-tales-19344.jpg?h=854&resize=1&w=640', 'https://cdn1.epicgames.com/spt-assets/8951f2b422ba48d6a4d56c69214de873/the-darkest-tales-logo-1g1fq.png?h=270&resize=1&w=480'),
(36, 'Surviving the Aftermath', 0, 409999, 0, 7, 'https://cdn1.epicgames.com/offer/95b4d5a753d042678f775d5e1eb5ab25/EGS_SurvivingtheAftermath_IceflakeStudiosOy_S1_2560x1440-61c69731778b92a32a9dbfd7c1a35d72?h=270&resize=1&w=480', 'Iceflake Studios Oy', 'Paradox Interactive AB', 'Survive and thrive in a post-apocalyptic future — resources are scarce, but opportunity calls! Build the ultimate disaster proof colony, protect your colonists, and restore civilization to a devastated world.', '', 'https://cdn2.unrealengine.com/egs-survivingtheaftermath-iceflakestudiosoy-g1a-12-1920x1080-7a64792f7d81.jpg?h=270&resize=1&w=480', 'https://cdn2.unrealengine.com/egs-survivingtheaftermath-iceflakestudiosoy-g1a-13-1920x1080-2b436edf297b.jpg?h=270&resize=1&w=480', 'https://cdn1.epicgames.com/offer/95b4d5a753d042678f775d5e1eb5ab25/EGS_SurvivingtheAftermath_IceflakeStudiosOy_S2_1200x1600-741ed183331de861ecb2f086f3fe8365?h=854&resize=1&w=640', 'https://cdn2.unrealengine.com/Diesel%2Fproductv2%2Fsurviving-the-aftermath%2Fhome%2FEGS_Iceflake_SurvivingtheAftermath_IC1_DESCRIPTION-2500x816-75b0a18221589ed39597d8f5af7be9d00cea8f3d.png?h=270&resize=1&w=480'),
(37, 'Despots Game', 0, 188000, 0, 8, 'https://cdn1.epicgames.com/spt-assets/ab34e6fc2d484f92b3c710f3b7672fcb/despots-game-offer-1a4sb.jpg?h=270&resize=1&w=480', 'Konfa Games', 'tinyBuild', 'Roguelike, auto-battler, deep progression, gratuitous violence, pretzels!', '', 'https://cdn1.epicgames.com/spt-assets/ab34e6fc2d484f92b3c710f3b7672fcb/despots-game-2erxf.jpg?h=270&resize=1&w=480', 'https://cdn1.epicgames.com/spt-assets/ab34e6fc2d484f92b3c710f3b7672fcb/despots-game-1c7lj.jpg?h=270&resize=1&w=480', 'https://cdn1.epicgames.com/spt-assets/ab34e6fc2d484f92b3c710f3b7672fcb/download-despots-game-offer-1b9ct.jpg?h=854&resize=1&w=640', 'https://cdn1.epicgames.com/spt-assets/ab34e6fc2d484f92b3c710f3b7672fcb/despots-game-logo-1gnni.png?h=270&resize=1&w=480'),
(38, 'Pupperazzi', 0, 188000, 0, 8, 'https://cdn1.epicgames.com/offer/5d6b7b664f9847ecacd9b581bcaf27cd/EGS_Pupperazzi_SundaeMonth_S1_2560x1440-3c7fce46778b27c7d20d125f90908fbc?h=270&resize=1&w=480', 'Sundae Month', 'Kitfox Games', 'Put your love for pups to the test - we have a bunch of dogs that need their photos taken, doggone it! Photograph and catalogue the finest (and derpiest) dogs to build your career, upgrade your camera, and discover new canines. WOOF.', '', 'https://cdn2.unrealengine.com/egs-pupperazzi-sundaemonth-g1a-01-1920x1080-96663cca5f5d.jpg?h=270&resize=1&w=480', 'https://cdn2.unrealengine.com/egs-pupperazzi-sundaemonth-g1a-02-1920x1080-3b3c437b4c7b.jpg?h=270&resize=1&w=480', 'https://cdn1.epicgames.com/offer/5d6b7b664f9847ecacd9b581bcaf27cd/EGS_Pupperazzi_SundaeMonth_S2_1200x1600-8adab2bb3e52d11404271af6521a1dd7?h=854&resize=1&w=640', 'https://cdn2.unrealengine.com/epic-pup-logo-transparent-400x400-161025d539fb.png?h=270&resize=1&w=480'),
(39, 'The Big Con', 0, 165000, 0, 8, 'https://cdn1.epicgames.com/offer/a1f2a672b08f45d28bb6b65eef6ffe41/EGS_TheBigCon_MightyYell_S1_2560x1440-532e70014a0082daf975946d402a4c85?h=270&resize=1&w=480', 'Mighty Yell', 'Skybound Games', 'Hustle and grift your way across America in the ‘90s as a teenage con artist on a crime-filled road trip adventure! Play as Ali, a curious and sarcastic high schooler who ditches band camp to go on a cross-country road trip to save her family video store.', '', 'https://cdn2.unrealengine.com/egs-thebigcon-mightyyell-g1a-00-1920x1080-c349c35d2f4d.jpg?h=270&resize=1&w=480', 'https://cdn2.unrealengine.com/egs-thebigcon-mightyyell-g1a-01-1920x1080-681abd60b5f5.jpg?h=270&resize=1&w=480', 'https://cdn1.epicgames.com/offer/a1f2a672b08f45d28bb6b65eef6ffe41/EGS_TheBigCon_MightyYell_S2_1200x1600-c7fcd5da3c2904f83644165f4e7c1bc9?h=854&resize=1&w=640', 'https://cdn2.unrealengine.com/egs-thebigcon-mightyyell-ic1-400x400-02bfa5870a9b.png?h=270&resize=1&w=480'),
(40, 'Deponia: The Complete Journey', 0, 250000, 0, 8, 'https://cdn1.epicgames.com/e5decf71f325458b92653616ee98682a/offer/EGS_DeponiaTheCompleteJourney_DaedalicEntertainment_S3-2560x1440-df5c473a8d8af12e7f863ee0427c0548.jpg?h=270&resize=1&w=480', 'Daedalic Entertainment', 'Daedalic Entertainment', 'Join Rufus on his thrilling journeys, for the first time in a complete edition with many new features, that will not only be a blast for hardcore adventure fans, but also those new to the genre.', '', 'https://cdn2.unrealengine.com/egs-deponiathecompletejourney-daedalicentertainment-g1a-00-1920x1080-cf31f30f79b7.jpg?h=270&resize=1&w=480', '', 'https://cdn1.epicgames.com/e5decf71f325458b92653616ee98682a/offer/EGS_DeponiaTheCompleteJourney_DaedalicEntertainment_S4-1200x1600-f8cfe09916adfed9f6cf129febd48a6f.jpg?h=854&resize=1&w=640', 'https://cdn2.unrealengine.com/egs-deponiathecompletejourney-daedalicentertainment-ic1-400x400-1c30f33c5ca4.png?h=270&resize=1&w=480'),
(41, '3 out of 10: Season Two', 0, 0, 0, 8, 'https://cdn1.epicgames.com/b829cfd910554ad3ad2eb3b314e2b1ef/offer/EGS_3outof10SeasonTwo_TerriblePostureGamesInc_G1A_00-1920x1080-77430376a4fbbafe73030bae814a2f34.jpg?h=270&resize=1&w=480', 'Terrible Posture Games, Inc.', 'Terrible Posture Games, Inc.', 'Caffeinated super-powers, sentient AIs, and rival game studios all stand in the way of Shovelworks studios as they struggle to finally make a game that scores better than “3 out of 10”. Will this be the Season that they finally do it?', 'free', 'https://cdn2.unrealengine.com/egs-3outof10seasontwo-terribleposturegamesinc-g1a-01-1920x1080-e35112c540c7.jpg?h=270&resize=1&w=480', 'https://cdn2.unrealengine.com/egs-3outof10seasontwo-terribleposturegamesinc-g1a-02-1920x1080-441cf233cc9d.jpg?h=270&resize=1&w=480', 'https://cdn1.epicgames.com/b829cfd910554ad3ad2eb3b314e2b1ef/offer/EGS_3outof10SeasonTwo_TerriblePostureGamesInc_S2-1200x1600-0526ebb8c316a36e20e97271782bd31d.jpg?h=854&resize=1&w=640', 'https://cdn2.unrealengine.com/egs-3outof10seasontwo-terribleposturegamesinc-ic1-400x400-29f9868c07f0.png?h=270&resize=1&w=480'),
(42, 'What Lies in the Multiverse', 0, 140000, 0, 8, 'https://cdn1.epicgames.com/spt-assets/75ad53ddde12415face033838ca0a6da/what-lies-in-the-multiverse-offer-1wug8.jpg?h=270&resize=1&w=480', 'IguanaBee SpA.', 'Untold Tales S.A.', 'Welcome to What Lies in the Multiverse – a dimension-shifting, comedic adventure about worlds turned inside out through the powers of one gifted young boy and the misguided lessons of an eccentric scientist.', '', 'https://cdn1.epicgames.com/spt-assets/75ad53ddde12415face033838ca0a6da/what-lies-in-the-multiverse-qc6k6.jpg?h=270&resize=1&w=480', 'https://cdn1.epicgames.com/spt-assets/75ad53ddde12415face033838ca0a6da/what-lies-in-the-multiverse-1oh5w.jpg?h=270&resize=1&w=480', 'https://cdn1.epicgames.com/spt-assets/75ad53ddde12415face033838ca0a6da/download-what-lies-in-the-multiverse-offer-khemn.jpg?h=854&resize=1&w=640', 'https://cdn1.epicgames.com/spt-assets/75ad53ddde12415face033838ca0a6da/what-lies-in-the-multiverse-logo-14x1q.png?h=270&resize=1&w=480'),
(43, 'Wildcat Gun Machine', 0, 170000, 0, 9, 'https://cdn1.epicgames.com/spt-assets/d92266115f8d4d5680562d993435daa5/wildcat-gun-machine-offer-rle9l.jpg?h=270&resize=1&w=480', 'Chunkybox Games', 'Daedalic Entertainment', 'Wildcat Gun Machine is a bullet hell dungeon crawler where you take on hordes of disgusting flesh beasts with a wide variety of guns, giant mech robots, and cute kittens.', '', 'https://cdn1.epicgames.com/spt-assets/d92266115f8d4d5680562d993435daa5/wildcat-gun-machine-vfank.jpg?h=270&resize=1&w=480', 'https://cdn1.epicgames.com/spt-assets/d92266115f8d4d5680562d993435daa5/wildcat-gun-machine-6mbzr.jpg?h=270&resize=1&w=480', 'https://cdn1.epicgames.com/spt-assets/d92266115f8d4d5680562d993435daa5/download-wildcat-gun-machine-offer-tg9yg.jpg?h=854&resize=1&w=640', 'https://cdn1.epicgames.com/spt-assets/d92266115f8d4d5680562d993435daa5/wildcat-gun-machine-logo-tp1p3.png?h=270&resize=1&w=480'),
(44, 'Riverbond', 0, 233000, 0, 9, 'https://cdn1.epicgames.com/spt-assets/9d351e3efed04d1daa1fd6d7f8934f68/riverbond-offer-16k4h.jpg?h=270&resize=1&w=480', 'Riverbond', 'Riverbond', 'Riverbond is a fun and frantic couch co-op adventure game for 1 to 4 players set in a stunning voxel world. Embark on a heroic journey to complete missions, battle adorable enemies, and smash everything into tiny cubes!', '', 'https://cdn1.epicgames.com/spt-assets/9d351e3efed04d1daa1fd6d7f8934f68/riverbond-1sz3z.png?h=270&resize=1&w=480', 'https://cdn1.epicgames.com/spt-assets/9d351e3efed04d1daa1fd6d7f8934f68/riverbond-1uxen.png?h=270&resize=1&w=480', 'https://cdn1.epicgames.com/spt-assets/9d351e3efed04d1daa1fd6d7f8934f68/download-riverbond-offer-1c11v.jpg?h=854&resize=1&w=640', 'https://cdn1.epicgames.com/spt-assets/9d351e3efed04d1daa1fd6d7f8934f68/riverbond-logo-176r8.png?h=270&resize=1&w=480'),
(45, 'Asterigos: Curse of the Stars', 0, 390000, 0, 1, 'https://cdn1.epicgames.com/spt-assets/7c264e76228641f2b62fa8adf85841d6/asterigos-offer-2oygw.jpg?h=270&resize=1&w=480', 'Acme Gamestudio', 'tinyBuild', 'Embark on a journey full of danger in this action RPG inspired by Greek and Roman mythologies. Explore the breathtaking city of Aphes and forge your way through legions of unique foes and mythical bosses to discover the truth behind the citys curse.', '', 'https://cdn1.epicgames.com/spt-assets/7c264e76228641f2b62fa8adf85841d6/asterigos-qt9mj.jpg?h=270&resize=1&w=480', 'https://cdn1.epicgames.com/spt-assets/7c264e76228641f2b62fa8adf85841d6/asterigos-16c9t.jpg?h=270&resize=1&w=480', 'https://cdn1.epicgames.com/spt-assets/7c264e76228641f2b62fa8adf85841d6/download-asterigos-offer-1s3ig.jpg?h=854&resize=1&w=640', 'https://cdn1.epicgames.com/spt-assets/7c264e76228641f2b62fa8adf85841d6/asterigos-logo-177y4.png?h=270&resize=1&w=480'),
(46, 'MythForce', 0, 280000, 0, 9, 'https://cdn1.epicgames.com/spt-assets/c4099459877a4e47a6b927032f32ed41/mythforce-offer-19u25.jpg?h=270&resize=1&w=480', 'Beamdog', 'Aspyr Media', 'Inspired by beloved 80s cartoons, MythForce unites swords & sorcery with gripping 1st-person combat in a roguelite adventure fit for Saturday mornings. Brave the dungeon alone or join forces with friends to take on an ever-changing Castle of Evil!', 'mostplayed', 'https://cdn1.epicgames.com/spt-assets/c4099459877a4e47a6b927032f32ed41/mythforce-1l9rt.jpg?h=270&resize=1&w=480', 'https://cdn1.epicgames.com/spt-assets/c4099459877a4e47a6b927032f32ed41/mythforce-k2iek.png?h=270&resize=1&w=480', 'https://cdn1.epicgames.com/spt-assets/c4099459877a4e47a6b927032f32ed41/download-mythforce-offer-53u2r.png?h=854&resize=1&w=640', 'https://cdn1.epicgames.com/spt-assets/c4099459877a4e47a6b927032f32ed41/mythforce-logo-1ai6x.png?h=270&resize=1&w=480'),
(47, 'Going Under', 0, 234000, 0, 9, 'https://cdn1.epicgames.com/6b2ba3389f034a388f602047551b0bf5/offer/EGS_GoingUnder_AggroCrabGames_S5-1920x1080-d177c8266818324bce31ea65376793a4.jpg?h=270&resize=1&w=480', 'Aggro Crab Games', 'eam17 Digital Ltd', 'Going Under is a satirical dungeon crawler about exploring the ruins of failed tech startups. As an unpaid intern in the big city, you’ll wield office junk as weaponry as you make your way through the offbeat procedural dungeons beneath your company campus.', '', 'https://cdn2.unrealengine.com/egs-goingunder-aggrocrabgames-g1a-01-1920x1080-011253665.jpg?h=270&resize=1&w=480', 'https://cdn2.unrealengine.com/egs-goingunder-aggrocrabgames-g1a-02-1920x1080-011252808.jpg?h=270&resize=1&w=480', 'https://cdn1.epicgames.com/6b2ba3389f034a388f602047551b0bf5/offer/EGS_GoingUnder_AggroCrabGames_S6-1200x1600-10c32b98e6979b7edbf349b2b2c484f1.jpg?h=854&resize=1&w=640', 'https://cdn2.unrealengine.com/egs-goingunder-aggrocrabgames-ic5-400x204-011271806.png?h=270&resize=1&w=480'),
(48, 'Barony', 0, 164000, 0, 9, 'https://cdn1.epicgames.com/offer/b79cdb6e07ea4ce9a82c00a0fb079ca5/EGS_Barony_TurningWheelLLC_S1_2560x1440-539c98848af913bf34550c4a6816afc4?h=270&resize=1&w=480', 'Turning Wheel LLC', 'Turning Wheel LLC', 'Barony is the premier first-person roguelike with co-op. Cryptic items, brutal traps and devious monsters, like those found in classic roguelikes and CRPGs, await you. Conquer the dungeons alone, or gather a party in co-op with iconic and exotic RPG classes.', '', 'https://cdn2.unrealengine.com/egs-barony-turningwheelllc-g1a-02-1920x1080-19e152258bea.jpg?h=270&resize=1&w=480', 'https://cdn2.unrealengine.com/egs-barony-turningwheelllc-g1a-03-1920x1080-12def493c41d.jpg?h=270&resize=1&w=480', 'https://cdn1.epicgames.com/offer/b79cdb6e07ea4ce9a82c00a0fb079ca5/EGS_Barony_TurningWheelLLC_S2_1200x1600-e71ba57b3bc17f4aae5aab41d6830758?h=854&resize=1&w=640', 'https://cdn2.unrealengine.com/egs-barony-turningwheelllc-ic1-260x120-e5b1f8a340bf.png?h=270&resize=1&w=480'),
(49, 'Next Up Hero', 0, 186000, 0, 9, 'https://cdn1.epicgames.com/7563789523404ae7ba52588adc99963a/offer/Diesel_product_sumac_home_NextUpHero_StoreSecondary-2560x1440-97bede4299a05d944d4b8287b6b8eb6787a0e50d-2560x1440-6f68273f988d831a5e7f29914f681b38.jpg?h=270&resize=1&w=480', 'Digital Continue', 'Aspyr Media, Inc.', '', '', 'https://cdn2.unrealengine.com/Diesel%2Fproduct%2Fsumac%2Fhome%2FNextUpHero_Gallery1_CHARA-2560x1440-00718734bd551bebd3f0ac91a6ddfa20cdb8ddee.jpg?h=270&resize=1&w=480', 'https://cdn2.unrealengine.com/Diesel%2Fproduct%2Fsumac%2Fhome%2FNextUpHero_Gallery2_TARGETS-2560x1440-ba972dc5e4ed8814e48e3fb9a8abf1b0d3303359.jpg?h=270&resize=1&w=480', 'https://cdn1.epicgames.com/7563789523404ae7ba52588adc99963a/offer/CodeRedemption_NextUpHero-340x440-3faf6ab6e1b75db4815cfc66250d5bd4-340x440-3faf6ab6e1b75db4815cfc66250d5bd4.jpg?h=854&resize=1&w=640', 'https://cdn2.unrealengine.com/Diesel%2Fproduct%2Fsumac%2Fhome%2FNextUpHero_IC1_Color-821x469-94b89208c355920874a15e262bef7ab790508933.png?h=270&resize=1&w=480'),
(50, 'Kredolis', 0, 188000, 0, 10, 'https://cdn1.epicgames.com/spt-assets/039149b080b9425d9cc027d2749007c3/kredolis-offer-1b2qt.jpg?h=270&resize=1&w=480', 'Pharos Interactive', 'Pharos Interactive', 'You find yourself shipwrecked on a beautiful unsunken island that was once part of Atlantis. Explore the mysteries of the island, and solve unique puzzles to enter the sunken lighthouse into the depths of Atlantis.', '', 'https://cdn1.epicgames.com/spt-assets/039149b080b9425d9cc027d2749007c3/kredolis-mv6gl.jpg?h=270&resize=1&w=480', 'https://cdn1.epicgames.com/spt-assets/039149b080b9425d9cc027d2749007c3/kredolis-12e66.jpg?h=270&resize=1&w=480', 'https://cdn1.epicgames.com/spt-assets/039149b080b9425d9cc027d2749007c3/download-kredolis-offer-15sgn.jpg?h=854&resize=1&w=640', 'https://cdn1.epicgames.com/spt-assets/039149b080b9425d9cc027d2749007c3/kredolis-logo-1wyir.png?h=270&resize=1&w=480'),
(51, 'Slime Rancher 2', 0, 288000, 0, 10, 'https://cdn1.epicgames.com/offer/4f09ede568514ca6ad487f9c22a66b81/EGS_SlimeRancher2_MonomiPark_S1_2560x1440-e2797b687003d40372c129182591b2e6_2560x1440-e2797b687003d40372c129182591b2e6?h=270&resize=1&w=480', 'Monomi Park', 'Monomi Park', 'Continue the adventures of Beatrix LeBeau as she journeys across the Slime Sea to Rainbow Island, a land brimming with ancient mysteries, and bursting with wiggly, new slimes to wrangle in this sequel to the smash-hit, Slime Rancher.', '', 'https://cdn2.unrealengine.com/egs-slimerancher2-monomipark-g1a-69-1920x1080-361c5155d74f.jpg?h=270&resize=1&w=480', 'https://cdn2.unrealengine.com/egs-slimerancher2-monomipark-g1a-02-1920x1080-216eb66d413a.jpg?h=270&resize=1&w=480', 'https://cdn1.epicgames.com/offer/4f09ede568514ca6ad487f9c22a66b81/EGS_SlimeRancher2_MonomiPark_S2_1200x1600-0beb445243a6a24f7af7ddda60084de5_1200x1600-0beb445243a6a24f7af7ddda60084de5?h=854&resize=1&w=640', 'https://cdn2.unrealengine.com/egs-slimerancher2-monomipark-ic1-1667x637-4caefc1500e6.png?h=270&resize=1&w=480'),
(52, 'Islets', 0, 186000, 0, 10, 'https://cdn1.epicgames.com/spt-assets/f991a978e0ce4156a52f951e96e388e7/islets-offer-1ok6p.png?h=270&resize=1&w=480', 'Kyle Thompson', 'Armor Games Studios', 'Take to the sky and reunite a fragmented world in this surprisingly wholesome metroidvania! Help Iko adventure across beautiful hand-painted islands, receive letters from a quirky cast of characters, and face powerful monstrous adversaries.', '', 'https://cdn1.epicgames.com/spt-assets/f991a978e0ce4156a52f951e96e388e7/islets-6rfai.png?h=270&resize=1&w=480', 'https://cdn1.epicgames.com/spt-assets/f991a978e0ce4156a52f951e96e388e7/islets-io5y6.png?h=270&resize=1&w=480', 'https://cdn1.epicgames.com/spt-assets/f991a978e0ce4156a52f951e96e388e7/download-islets-offer-rtq8h.png?h=854&resize=1&w=640', 'https://cdn1.epicgames.com/spt-assets/f991a978e0ce4156a52f951e96e388e7/islets-logo-i4ccz.png?h=270&resize=1&w=480'),
(53, 'Kena: Bridge of Spirits', 0, 370000, 0, 10, 'https://cdn1.epicgames.com/7c53d7dc86494d5abcdc974b0ef0a843/offer/EGS_KenaBridgeofSpirits_EmberLab_S5-1920x1080-450356496c568d85ecc7319a202b99b7.jpg?h=270&resize=1&w=480', 'Exploration', 'Ember Lab', 'A story-driven, action adventure combining exploration with fast-paced combat. As Kena, players find and grow a team of charming spirit companions called the Rot, enhancing their abilities and creating new ways to manipulate the environment.', '', 'https://cdn2.unrealengine.com/egs-kenabridgeofspirits-emberlab-g1a-00-1920x1080-182970917.jpg?h=270&resize=1&w=480', 'https://cdn2.unrealengine.com/egs-kenabridgeofspirits-emberlab-g1a-01-1920x1080-182971584.jpg?h=270&resize=1&w=480', 'https://cdn1.epicgames.com/7c53d7dc86494d5abcdc974b0ef0a843/offer/EGS_KenaBridgeofSpirits_EmberLab_S6-1200x1600-e701bd947727ee14b81626c7f9757e4f.jpg?h=854&resize=1&w=640', 'https://cdn2.unrealengine.com/egs-kenabridgeofspirits-emberlab-ic1-396x188-182977849.png?h=270&resize=1&w=480');
INSERT INTO `game` (`gameid`, `gamename`, `sale`, `price`, `saleprice`, `genreid`, `first-img`, `developer`, `publisher`, `summary`, `tag`, `second-img`, `third-img`, `icon`, `logo`) VALUES
(54, 'TOEM', 0, 186000, 0, 10, '', 'Something We Made', 'Something We Made', 'Set off on a delightful expedition and use your photographic eye to uncover the mysteries of the magical TOEM in this hand-drawn adventure game. Chat with quirky characters and solve their problems by snapping neat photos!', '', 'https://cdn2.unrealengine.com/egs-toem-somethingwemade-g1a-01-1920x1080-11741646f353.jpg?h=270&resize=1&w=480', 'https://cdn2.unrealengine.com/egs-toem-somethingwemade-g1a-02-1920x1080-f4313a56fb37.jpg?h=270&resize=1&w=480', 'https://cdn1.epicgames.com/salesEvent/salesEvent/EGS_TOEM_SomethingWeMade_S2_1200x1600-df680f435db3f53c2021e8727e312df7?h=854&resize=1&w=640', 'https://cdn2.unrealengine.com/egs-toem-somethingwemade-ic1-400x176-d6ea2140ccab.png?h=270&resize=1&w=480'),
(55, 'JETT : The Far Shore', 0, 250000, 0, 10, 'https://cdn1.epicgames.com/salesEvent/salesEvent/EGS_JETTTHEFARSHORE_SuperbrothersPineScented_S1_2560x1440-06aab902949d99180add16e771325d76?h=270&resize=1&w=480', 'Superbrothers + Pine Scented', 'Superbrothers + Pine Scented', 'JETT : The Far Shore invites you on an interstellar expedition to carve out a future for a people haunted by oblivion in this cinematic action adventure.', '', 'https://cdn2.unrealengine.com/egs-jettthefarshore-superbrotherspinescented-g1a-06-1920x1080-ec3848424a63.jpg?h=270&resize=1&w=480', 'https://cdn2.unrealengine.com/egs-jettthefarshore-superbrotherspinescented-g1a-07-1920x1080-f2b196617f77.jpg?h=270&resize=1&w=480', 'https://cdn1.epicgames.com/salesEvent/salesEvent/EGS_JETTTHEFARSHORE_SuperbrothersPineScented_S2_1200x1600-7398300b6f6379d901588afe32cdec11?h=854&resize=1&w=640', 'https://cdn2.unrealengine.com/egs-jettthefarshore-superbrotherspinescented-ic1-400x297-6987831c3b37.png?h=270&resize=1&w=480'),
(56, 'Source of Madness', 0.7, 131600, 188, 1, 'https://cdn1.epicgames.com/spt-assets/3c3669f30b2a437e85d9b5a9885ecfa8/source-of-madness-offer-13n6j.jpg?h=270&resize=1&w=480', 'Carry Castle', 'Thunderful Publishing', 'Source of Madness is a side-scrolling dark action roguelite set in a twisted Lovecraftian inspired world powered by procedural generation and AI machine learning. Take on the role of a new Acolyte as they embark on a nightmarish odyssey.', '', 'https://cdn1.epicgames.com/spt-assets/3c3669f30b2a437e85d9b5a9885ecfa8/source-of-madness-1vew0.jpg?h=270&resize=1&w=480', 'https://cdn1.epicgames.com/spt-assets/3c3669f30b2a437e85d9b5a9885ecfa8/source-of-madness-h7367.jpg?h=270&resize=1&w=480', 'https://cdn1.epicgames.com/spt-assets/3c3669f30b2a437e85d9b5a9885ecfa8/download-source-of-madness-offer-1q10q.png?h=854&resize=1&w=640', 'https://cdn1.epicgames.com/spt-assets/3c3669f30b2a437e85d9b5a9885ecfa8/source-of-madness-logo-k79mt.png?h=270&resize=1&w=480'),
(57, 'GigaBash', 0, 326000, 0, 11, 'https://cdn1.epicgames.com/offer/16fc138ed83846bc90d923fe0d87ad72/EGS_GigaBash_PassionRepublicGames_S1_2560x1440-f0d657610403750a33b2ed4a372d21ec?h=270&resize=1&w=480', 'PassionRepublic Games', 'PassionRepublic Games', 'Claim your place as king among Titans! GigaBash is a multiplayer arena brawler with gigantic film-inspired kaiju, larger than life heroes, earth-shattering special attacks and fully destructible environments.', '', 'https://cdn2.unrealengine.com/egs-gigabash-passionrepublicgames-g1a-05-1920x1080-aa0f18998ea0.jpg?h=270&resize=1&w=480', 'https://cdn2.unrealengine.com/egs-gigabash-passionrepublicgames-g1a-06-1920x1080-025e1f7adb94.jpg?h=270&resize=1&w=480', 'https://cdn1.epicgames.com/offer/16fc138ed83846bc90d923fe0d87ad72/EGS_GigaBash_PassionRepublicGames_S2_1200x1600-76be44277917f4d28d1bad123938d27d?h=854&resize=1&w=640', 'https://cdn2.unrealengine.com/egs-gigabash-passionrepublicgames-ic1-400x200-b5d3d549df5d.png?h=270&resize=1&w=480'),
(58, 'THE KING OF FIGHTERS XV', 0, 630000, 0, 11, 'https://cdn1.epicgames.com/salesEvent/salesEvent/EGS_THEKINGOFFIGHTERSXV_SNKCORPORATION_S1_2560x1440-5d55ab8f79aeef9e9886bac3bbbf2204?h=270&resize=1&w=480', 'SNK CORPORATION', 'SNK CORPORATION', 'SHATTER ALL EXPECTATIONS! The new \"XV\" that transcends everything!', 'topsellers', 'https://cdn2.unrealengine.com/egs-thekingoffightersxvstandardedition-snkcorporation-bundles-g1a-01-1920x1080-a11849f0a7a3.jpg?h=270&resize=1&w=480', 'https://cdn2.unrealengine.com/egs-thekingoffightersxvstandardedition-snkcorporation-bundles-g1a-02-1920x1080-00085c73794c.jpg?h=270&resize=1&w=480', 'https://cdn1.epicgames.com/salesEvent/salesEvent/EGS_THEKINGOFFIGHTERSXV_SNKCORPORATION_S2_1200x1600-5bf30907b3472a4d4bfed10e93fc7135?h=854&resize=1&w=640', 'https://cdn2.unrealengine.com/egs-thekingoffightersxv-snkcorporation-ic1-200x96-1754010e49cf.png?h=270&resize=1&w=480'),
(59, 'Sifu', 0, 373000, 0, 11, 'https://cdn1.epicgames.com/offer/b7b42e2078524ab386a8b2a9856ef557/EGS_SIFUStandardEdition_Sloclap_G1A_03_1920x1080-1df3ab45b895adfee06b011673df20aa_1920x1080-1df3ab45b895adfee06b011673df20aa?h=270&resize=1&w=480', 'Sloclap', 'Sloclap', 'Sifu is the new game of Sloclap, the independent studio behind Absolver. A third person action game featuring intense hand-to-hand combat, it puts you in control of a young Kung-Fu student on a path of revenge.', 'topsellers', 'https://cdn2.unrealengine.com/egs-sifustandardedition-sloclap-g1a-04-2-1920x1080-ea7c7abb83cd.jpg?h=270&resize=1&w=480', 'https://cdn2.unrealengine.com/egs-sifustandardedition-sloclap-g1a-06a-1920x1080-fd726ee5ffd7.jpg?h=270&resize=1&w=480', 'https://cdn1.epicgames.com/offer/b7b42e2078524ab386a8b2a9856ef557/EGS_SIFUStandardEdition_Sloclap_S4_1200x1600-32aca69d756abfcc25f8581942a6162b_1200x1600-32aca69d756abfcc25f8581942a6162b?h=854&resize=1&w=640', 'https://cdn2.unrealengine.com/egs-greeneye-sloclap-ic1-400x400-7f5493d6af29.png?h=270&resize=1&w=480'),
(60, 'SAMURAI SHODOWN', 0, 462000, 0, 11, 'https://cdn1.epicgames.com/ace4435645d9489cacfbb422b7c1c817/offer/EGS_SAMURAISHODOWN_SNKCORPORATION_S1-2560x1440-3944d8fd1380c786c06e63188d94f8f2.jpg?h=270&resize=1&w=480', 'SNK', 'SNK', 'SAMURAI REBOOT! A brand new SAMURAI SHODOWN game takes aim for the world stage!', 'topsellers', '', '', 'https://cdn1.epicgames.com/undefined/offer/EGS_SAMURAISHODOWN_SNKCORPORATION_S2-860x1148-5d69fe40f4d47c3df84304461153e928.jpg?h=854&resize=1&w=640', 'https://cdn2.unrealengine.com/offer-logo-en-200x96-115435137.png?h=270&resize=1&w=480'),
(61, 'Kingdoms of Amalur: Re-Reckoning', 0, 456000, 0, 11, 'https://cdn1.epicgames.com/0f86606a1622460898a7874d488f288a/offer/LandscapeProductImage-2560x1440-6251eb442278a4aeef78cdf315da330a.png?h=270&resize=1&w=480', 'KAIKO, Big Huge Games', 'THQ Nordic', 'The hit RPG returns! Remastered with stunning visuals and refined gameplay Re-Reckoning delivers intense, customizable RPG combat inside a sprawling game world.', '', 'https://cdn2.unrealengine.com/koar-shot-20200508-162224-000-3840x2160-862297512.jpg?h=270&resize=1&w=480', 'https://cdn2.unrealengine.com/koar-shot-20200508-172545-000-3840x2160-862299403.jpg?h=270&resize=1&w=480', 'https://cdn1.epicgames.com/0f86606a1622460898a7874d488f288a/offer/Portrait_Product_Image-1200x1600-9f98edc40c24f96c10fb38316ad8860d.png?h=854&resize=1&w=640', 'https://cdn2.unrealengine.com/landscapeproductimage-2560x1440-888702916.png?h=270&resize=1&w=480'),
(62, 'Override 2: Super Mech League', 0, 380000, 0, 11, 'https://cdn1.epicgames.com/dd7f8d7482fb404ba45a7a85b5071b49/offer/EGS_Override2SuperMechLeague_ModusStudiosBrazil_S1-2560x1440-f0afec400cf0789dd66eef98aba07a28.jpg?h=270&resize=1&w=480', 'Modus Studios Brazil', 'Modus Games', 'Fight in Mech Leagues and soar to new heights, aiming to be the best pilot. Pick your playstyle across match types including 1v1, 2v2, free-for-all, Xenoswarm, King of the Hill and more, unlocking a slew of cosmetics and attachments for your mech of choice.', '', '', '', 'https://cdn1.epicgames.com/dd7f8d7482fb404ba45a7a85b5071b49/offer/EGS_Override2SuperMechLeague_ModusStudiosBrazil_S2-1200x1600-485ab3a84506778e6e5e0cf0cdd147b5.jpg?h=854&resize=1&w=640', 'https://cdn2.unrealengine.com/modus-override2-standard-ic1-white-400x400-11cc878d7f7e.png?h=270&resize=1&w=480'),
(63, 'Genshin Impact', 0, 0, 0, 3, 'https://cdn2.unrealengine.com/egs-genshinimpact-cognospherepteltd-g1a-00-1920x1080-e213aaf11278.jpg', 'COGNOSPHERE PTE. LTD.', 'COGNOSPHERE PTE. LTD.', 'Embark on a journey across Teyvat to find your lost sibling and seek answers from The Seven — the gods of each element. Explore this wondrous world, join forces with a diverse range of characters, and unravel the countless mysteries that Teyvat holds...', 'mostplayed', 'https://cdn2.unrealengine.com/egs-genshinimpactsumerudebut-cognospherepteltd-g1a-01-1920x1080-f8aadc1c45d6.jpg', 'https://cdn2.unrealengine.com/egs-genshinimpactsumerudebut-cognospherepteltd-g1a-02-1920x1080-180b2d3f292f.jpg', 'https://cdn1.epicgames.com/salesEvent/salesEvent/EGS_GenshinImpact_miHoYoLimited_S2_1200x1600-c12cdcc2cac330df2185aa58c508e820?h=480&resize=1&w=360', 'https://cdn2.unrealengine.com/egs-genshinimpact-mihoyolimited-ic1-400x400-0a1ff1b6cf40.png?h=270&resize=1&w=480'),
(64, 'Assassin Creed® Mirage', 0, 0, 0, 1, 'https://cdn2.unrealengine.com/breaker-image-1920x1080-1920x1080-9b4788ed14ab.png', 'Ubisoft', 'Ubisoft', 'Experience the story of Basim, a cunning street thief seeking answers and justice as he navigates the bustling streets of ninth–century Baghdad.', 'upcoming', 'https://cdn2.unrealengine.com/alamuth-vista-final-3840x2160-ce5575d1258e.jpg', 'https://cdn2.unrealengine.com/bagdad-vista-final-3840x2160-053259da6873.jpg', 'https://cdn1.epicgames.com/offer/9bcf5a4dc1d54cb6ab1a42f3a70c5cf4/Carousel_BoxArt_1200x1600_1200x1600-38bda67bb1290f58e8a18ddc38a3c0ec?h=480&resize=1&w=360', 'https://cdn2.unrealengine.com/epic-launch-logo-400x172-c0289bc57588.png?h=270&resize=1&w=480'),
(65, 'Tower of Fantasy', 0, 0, 0, 3, 'https://cdn2.unrealengine.com/egs-toweroffantasy-hottastudio-g1a-01-1920x1080-b9ba7024dc6a.jpg', 'HOTTA STUDIO', 'LEVEL INFINITE', 'Embark together on your fantasy adventure! Set hundreds of years in the future on the distant planet of Aida, the shared open-world RPG, anime-infused sci-fi adventure Tower of Fantasy will be coming soon to Epic.', 'upcoming', 'https://cdn2.unrealengine.com/egs-toweroffantasy-hottastudio-g1a-02-1920x1080-cf3aa6c44cf7.jpg', 'https://cdn2.unrealengine.com/egs-toweroffantasy-hottastudio-g1a-03-1920x1080-3e084d99c9f4.jpg', 'https://cdn1.epicgames.com/offer/b47d3947087147baa8e1665680aefc11/EGS_TowerofFantasy_HOTTASTUDIO_S2_1200x1600-20e453b8900575d4c2585458fce0252d?h=480&resize=1&w=360', 'https://cdn2.unrealengine.com/egs-toweroffantasy-hottastudio-ic1-400x280-12a68a774329.png?h=270&resize=1&w=480'),
(66, 'Dead Island 2', 0, 0, 0, 11, 'https://cdn2.unrealengine.com/egs-deadisland2-deepsilverdambusterstudios-g1a-00-1920x1080-957ca6fac0ba.jpg', 'Deep Silver Dambuster Studios', 'Deep Silver', 'A deadly virus is spreading across Los Angeles, turning inhabitants into zombies. Bitten, infected, but more than just immune, uncover the truth behind the outbreak and discover who -or what- you are. Pre-purchase now and get the Memories of Banoi!', 'upcoming', 'https://cdn2.unrealengine.com/egs-deadisland2-deepsilverdambusterstudios-g1a-01-1920x1080-c99de7f0e62a.jpg', 'https://cdn2.unrealengine.com/egs-deadisland2-deepsilverdambusterstudios-g1a-04-1920x1080-3bd55876a639.jpg', 'https://cdn1.epicgames.com/offer/236c74b4cd2e4e3099cbe2ebdc9686fd/EGS_DeadIsland2_DeepSilverDambusterStudios_S2_1200x1600-efc5201842cf642eb45f73227cd0789b?h=854&resize=1&w=640', 'https://cdn2.unrealengine.com/egs-deadisland2-deepsilverdambusterstudios-ic1-400x196-9cbd3690d951.png?h=270&resize=1&w=480'),
(67, 'Trifox', 0.9, 167400, 186, 2, 'https://cdn1.epicgames.com/spt-assets/64562ac3f12747e783c6153cfa30d3ad/trifox-offer-189ne.jpg?h=270&resize=1&w=480', 'Glowfish Interactive', 'Big Sugar', 'Trifox is a colourful and cartoonish action-adventure featuring a phenomenal fox with a multitude of talents! Choose from a trio of classes – Warrior Mage Engineer – or mix-and-match abilities to create a tailor-made hero! Inspired by the golden age of 3D platformers.', '', '', '', 'https://cdn1.epicgames.com/spt-assets/64562ac3f12747e783c6153cfa30d3ad/download-trifox-offer-v26k4.jpg?h=854&resize=1&w=640', 'https://cdn1.epicgames.com/spt-assets/64562ac3f12747e783c6153cfa30d3ad/trifox-logo-1hpxs.png?h=270&resize=1&w=480'),
(68, 'Eville', 0, 0, 0, 6, 'https://cdn2.unrealengine.com/egs-eville-vestgames-g1a-01-1920x1080-e2b6713bfbd6.jpg', 'VestGames\r\n', 'Versus Evil', 'Betray your friends - and lie your way to victory. In the multiplayer social deduction game Eville you find yourself in a village riddled by a series of murders. Some say it might have been you - or was it? Convince others you\re not a murderer to stay alive!', 'upcoming', 'https://cdn2.unrealengine.com/egs-eville-vestgames-g1a-02-1920x1080-43954aa5d9f7.jpg', 'https://cdn2.unrealengine.com/egs-eville-vestgames-g1a-05-1920x1080-7a3eb3effaa9.jpg', 'https://cdn1.epicgames.com/offer/5bb82a6f078e41e783d0930758812e4a/EGS_Eville_VestGames_S2_1200x1600-eba8f9d92d779e56c17cbc865675e8f3?h=854&resize=1&w=640', 'https://cdn2.unrealengine.com/egs-eville-vestgames-ic1-400x400-7d9d1d82fed2.png?h=270&resize=1&w=480'),
(69, 'Frontier Hunter: Erza Wheel of Fortune', 0, 0, 0, 2, 'https://cdn2.unrealengine.com/egs-frontierhuntererzaswheeloffortune-icesitruuna-g1a-01-1920x1080-3fe8d9fb60e6.jpg', 'IceSitruuna', 'IceSitruuna', 'Frontier Hunter is a genuine Metroidvania game. Compared to our last work, Frontier Hunter has fuller stories, content, monsters, more exquisite scenes, smoother actions, and a more diversified, personalized cultivation system.', 'upcoming', 'https://cdn2.unrealengine.com/egs-frontierhuntererzaswheeloffortune-icesitruuna-g1a-02-1920x1080-864bdbe00172.jpg', 'https://cdn2.unrealengine.com/egs-frontierhuntererzaswheeloffortune-icesitruuna-g1a-03-1920x1080-b5fa925b6b71.jpg', 'https://cdn1.epicgames.com/salesEvent/salesEvent/EGS_FrontierHunterErzasWheelofFortune_IceSitruuna_S2_1200x1600-04e176b09cefe0376f8b4c34bd4676ca?h=854&resize=1&w=640', 'https://cdn2.unrealengine.com/egs-frontierhuntererzaswheeloffortune-icesitruuna-ic1-400x400-682a17fd0447.png?h=270&resize=1&w=480'),
(70, 'Evoland Legendary Edition', 0, 0, 0, 2, 'https://cdn1.epicgames.com/spt-assets/aafde465b31e4bd5a169ff1c8a164a17/evoland-legendary-edition-uj88q.jpg', 'Shiro Games', 'Shiro Unlimited', 'Evoland Legendary Edition brings you two great and unique RPGs, with their graphic style and gameplay changing as you progress through the game!', 'free', 'https://cdn1.epicgames.com/spt-assets/aafde465b31e4bd5a169ff1c8a164a17/evoland-legendary-edition-1f4ps.jpg', 'https://cdn1.epicgames.com/spt-assets/aafde465b31e4bd5a169ff1c8a164a17/evoland-legendary-edition-19tpx.jpg', 'https://cdn1.epicgames.com/spt-assets/aafde465b31e4bd5a169ff1c8a164a17/evoland-legendary-edition-1j93v.png?h=854&resize=1&w=640', 'https://cdn1.epicgames.com/spt-assets/aafde465b31e4bd5a169ff1c8a164a17/evoland-legendary-edition-logo-2dlnd.png?h=270&resize=1&w=480'),
(71, 'Fallout 3: Game of the Yead Edition', 0, 0, 0, 3, 'https://cdn2.unrealengine.com/egs-fallout3gameoftheyearedition-bethesdagamestudios-g1a-01-1920x1080-59b427cc0ffd.jpg', 'Bethesda Game Studios', 'Bethesda Softworks', 'Prepare for the Future™ Experience the most acclaimed game of 2008 like never before with Fallout 3: Game of the Year Edition. Create a character of your choosing and descend into a post-apocalyptic world where every minute is a fight for survival', 'free', 'https://cdn2.unrealengine.com/egs-fallout3gameoftheyearedition-bethesdagamestudios-g1a-02-1920x1080-319af176c45a.jpg', 'https://cdn2.unrealengine.com/egs-fallout3gameoftheyearedition-bethesdagamestudios-g1a-03-1920x1080-7472bef5ce13.jpg', 'https://cdn1.epicgames.com/offer/fa702d34a37248ba98fb17f680c085e3/EGS_Fallout3GameoftheYearEdition_BethesdaGameStudios_S2_1200x1600-e2ba392652a1f57c4feb65d6bbd1f963?h=854&resize=1&w=640', 'https://cdn2.unrealengine.com/egs-fallout3gameoftheyearedition-bethesdagamestudios-ic1-400x400-739792e4f256.png?h=270&resize=1&w=480'),
(72, 'Saturnalia', 0, 0, 0, 3, 'https://cdn2.unrealengine.com/egs-saturnalia-santaragionesrl-g1a-01-1920x1080-e4199dfa88ec.jpg', 'Santa Ragione', 'Santa Ragione', 'A Survival Horror Adventure: as an ensemble cast, explore an isolated village of ancient ritual – its labyrinthine roads change each time you lose all your characters.', 'free', 'https://cdn2.unrealengine.com/egs-saturnalia-santaragionesrl-g1a-02-1920x1080-10cfb06693cd.jpg', 'https://cdn2.unrealengine.com/egs-saturnalia-santaragionesrl-g1a-03-1920x1080-d7352a2252c2.jpg', 'https://cdn1.epicgames.com/offer/c749cd78da34408d8434a46271f4bb79/EGS_Saturnalia_SantaRagione_S4_1200x1600-2216ff4aa6997dfb13d8bd4c6f2fa99e?h=854&resize=1&w=640', 'https://cdn2.unrealengine.com/Diesel%2Fproductv2%2Fsaturnalia%2Fhome%2FEGS_Saturnalia_SantaRagionesrl_IC1-1523x455-7b64870d53eaa62ef2a41905bc4e207e8ec05e86.png?h=270&resize=1&w=480'),
(73, 'Warhammer 40,000: Battlesector', 0, 0, 0, 1, 'https://cdn2.unrealengine.com/egs-warhammer40000battlesector-blacklabgames-g1a-02-1920x1080-7fe2c6011232.jpg', 'Black Lab Games', 'Slitherine Ltd.', 'Experience every bone-rattling explosion and soul-crushing charge in Warhammer 40,000: Battlesector, the definitive battle-scale game of turn-based strategy and fast-paced combat that takes you to the battlefields of the 41st Millenium.', 'free', 'https://cdn2.unrealengine.com/egs-warhammer40000battlesector-blacklabgames-g1a-03-1920x1080-8efc567bf9ad.jpg', 'https://cdn2.unrealengine.com/egs-warhammer40000battlesector-blacklabgames-g1a-04-1920x1080-5418ec5c394e.jpg', 'https://cdn1.epicgames.com/spt-assets/d26f2f9ea65c462dbd39040ae8389d36/download-warhammer-mechanicus-offer-1f6bv.jpg?h=854&resize=1&w=640', 'https://cdn2.unrealengine.com/egs-warhammer40000battlesector-blacklabgames-ic5-400x160-24d80fd76612.png?h=270&resize=1&w=480'),
(74, 'Achilles: Legends Untold', 0, 140999, 0, 2, 'https://cdn1.epicgames.com/spt-assets/aec31192b8a6463c9bd43dcb6ece5c8f/achilles-legends-untold-offer-1mqig.jpg?h=270&resize=1&w=480', 'Dark Point Games S.A.', 'Dark Point Games S.A.', 'End the conflict between Hades and Ares in this Souls-like action RPG. Battle gods defeat mythological creatures and gather resources alone or in co-op in Achilles: Legends Untold.', '', 'https://cdn1.epicgames.com/spt-assets/aec31192b8a6463c9bd43dcb6ece5c8f/achilles-legends-untold-sv8gd.jpg?h=270&resize=1&w=480', 'https://cdn1.epicgames.com/spt-assets/aec31192b8a6463c9bd43dcb6ece5c8f/achilles-legends-untold-fpi3v.jpg?h=270&resize=1&w=480', 'https://cdn1.epicgames.com/spt-assets/aec31192b8a6463c9bd43dcb6ece5c8f/download-achilles-legends-untold-offer-kiu24.jpg?h=854&resize=1&w=640', 'https://cdn1.epicgames.com/spt-assets/aec31192b8a6463c9bd43dcb6ece5c8f/achilles-legends-untold-logo-1guzp.png?h=270&resize=1&w=480'),
(75, 'Broken Pieces', 0, 233000, 0, 2, 'https://cdn1.epicgames.com/spt-assets/09cd905507fb4564ab2fa1b3a0954a7f/broken-pieces-offer-j022q.png?h=270&resize=1&w=480', 'Elseware Experience Benoit Dereau and Mael Vignau', 'Freedom Games', 'Broken Pieces is a psychological thriller taking place in a french coastal village somehow outside the flow of time. Solve the mysteries by putting the pieces of the story back together by figuring out the enigma behind this mystical place', 'mostplayed', 'https://cdn1.epicgames.com/spt-assets/09cd905507fb4564ab2fa1b3a0954a7f/broken-pieces-qygds.jpg?h=270&resize=1&w=480', 'https://cdn1.epicgames.com/spt-assets/09cd905507fb4564ab2fa1b3a0954a7f/broken-pieces-tau44.jpg?h=270&resize=1&w=480', 'https://cdn1.epicgames.com/spt-assets/09cd905507fb4564ab2fa1b3a0954a7f/download-broken-pieces-offer-1acg8.png?h=854&resize=1&w=640', 'https://cdn1.epicgames.com/spt-assets/09cd905507fb4564ab2fa1b3a0954a7f/broken-pieces-logo-1b68r.png?h=270&resize=1&w=480'),
(76, 'PUBG', 0, 0, 0, 2, 'https://cdn1.epicgames.com/spt-assets/53ec4985296b4facbe3a8d8d019afba9/pubg-battlegrounds-1fw6c.png?h=270&quality=medium&resize=1&w=480', 'KRAFTON, Inc.', 'KRAFTON, Inc.', 'Play PUBG: BATTLEGROUNDS for free. Land at strategic locations, loot weapons and supplies, then survive to become the last team standing in fierce combat across diverse battlefields.', 'mostplayed', 'https://cdn1.epicgames.com/spt-assets/53ec4985296b4facbe3a8d8d019afba9/pubg-battlegrounds-1wj9d.png?h=270&quality=medium&resize=1&w=480', 'https://cdn1.epicgames.com/spt-assets/53ec4985296b4facbe3a8d8d019afba9/pubg-battlegrounds-1cbv1.png?h=270&quality=medium&resize=1&w=480', 'https://cdn1.epicgames.com/spt-assets/53ec4985296b4facbe3a8d8d019afba9/pubg-battlegrounds-1gy48.png?h=270&quality=medium&resize=1&w=480', 'https://cdn1.epicgames.com/spt-assets/53ec4985296b4facbe3a8d8d019afba9/pubg-battlegrounds-logo-5xma7.png?h=270&quality=medium&resize=1&w=480');


COMMIT;

/*!40101 SET CHARACTER_SET_CLIENT=@OLD_CHARACTER_SET_CLIENT */;
/*!40101 SET CHARACTER_SET_RESULTS=@OLD_CHARACTER_SET_RESULTS */;
/*!40101 SET COLLATION_CONNECTION=@OLD_COLLATION_CONNECTION */;
